x0,x1,Y
17.268571845912824,15.209524677011657,1.0
4.741039755677861,9.035761567087095,0.0
13.448266526731592,12.974611098814215,1.0
13.930579060567029,10.01702413674844,0.0
6.279916544410453,11.026692871370184,0.0
12.443802317459667,7.138023202425979,0.0
10.367238716899422,6.495366484711639,0.0
8.56496455815264,12.05433211972229,0.0
7.692929405896368,7.60052648704965,0.0
14.717283202721951,15.90683177495661,1.0
10.679580991231651,10.225151277789891,0.0
12.422843452570607,14.770734896283276,1.0
11.41245944430607,15.786674516769438,1.0
14.157453221423527,14.820897765590596,1.0
15.395166176476549,12.056698387503639,1.0
14.141608805159635,11.818596878526971,0.0
11.03382018013254,10.108167045379172,0.0
9.493697965261921,8.632865743439675,0.0
12.595897388972855,7.712401693340446,0.0
16.381687811235146,17.560928431596945,1.0
11.924993487240176,13.467450137183494,0.0
11.0718870277512,10.502987086668409,0.0
12.232763973170758,13.447412686219078,1.0
19.470266750213884,15.614716341623266,1.0
8.280037561979384,6.741454234522905,0.0
11.828406104932755,10.504485223669384,0.0
12.233057966242939,8.081840681431162,0.0
14.001220896069613,15.269473869654831,1.0
11.100347119280993,10.423968032510533,0.0
7.323760001903027,9.637443816233395,0.0
14.946132168759545,12.137588843755978,1.0
9.098257727642451,11.630597737497476,0.0
11.588566253985505,5.716218427858679,0.0
17.336444275725228,16.394652428259427,1.0
10.761768580057442,9.378361451097394,0.0
14.902738330273356,16.16322513439249,1.0
17.090798122203065,16.389628855868978,1.0
6.68661175514346,6.880843135782025,0.0
7.572497564669305,16.47342188775701,0.0
10.196347205388408,11.706002541386674,0.0
16.54047055370306,17.013214315207755,1.0
11.434015144520622,6.805540537616438,0.0
16.012606985512914,12.563988373070226,1.0
11.685217876395095,9.961025645437402,0.0
11.601960867555436,6.937423014877748,0.0
10.22210208346627,9.527417799720219,0.0
16.620193853257913,19.03815285267357,1.0
9.891745301636062,7.989007624423952,0.0
11.21581959907182,13.073260642025842,0.0
12.704891437087554,15.308400299169532,1.0
15.826722935702023,15.344883207862022,1.0
14.671296060282765,14.272145112158267,1.0
14.961619852155202,17.561299059184908,1.0
16.52080573122733,15.531704721385141,1.0
13.977955126297392,14.649022702535868,1.0
7.644678045411429,9.552807120206294,0.0
12.66591789484165,8.543674477482984,0.0
11.411291899578236,7.606533637248539,0.0
18.777262526688556,17.859764577148873,1.0
12.13709909128911,9.995489646167911,0.0
8.792734053733064,8.598002181847292,0.0
11.5815926220663,10.986781375376395,0.0
11.984983583709104,8.255272690804652,0.0
12.162363347139596,6.261589392027864,0.0
15.060840929003849,14.745177020625674,1.0
6.756984346986389,8.361549916208393,0.0
9.676570886409735,7.993642328639625,0.0
8.673568078864381,9.269754018363027,0.0
13.682254421432438,11.705230513827452,1.0
15.585482990034441,13.222929971726078,1.0
9.774491438752401,11.123830728961329,0.0
12.4005130477635,8.01906796336449,0.0
10.528216867183295,9.660921045443807,0.0
13.17203421264277,16.99447916210061,1.0
16.17138450792693,16.13014533116428,1.0
6.811022942241515,7.918832681538326,0.0
14.225120621672993,13.774189800524184,1.0
15.177837752305953,18.877367836594686,1.0
14.637192460414173,12.895614388375016,1.0
15.183057518168793,18.180130854904164,1.0
9.908787372478091,10.317502883006004,0.0
11.974471505425525,12.406853119998974,0.0
15.932721342997832,14.57055087701019,1.0
15.239284756046459,17.182552707925716,1.0
17.752252264482525,20.632879111473795,1.0
19.263377768361707,17.538502474831006,1.0
11.768935817426788,11.664998482743734,1.0
14.463994104742056,11.845930758850592,1.0
12.13075804809435,13.172751385636483,1.0
7.113054438428917,8.36243959355376,0.0
6.39974857354219,8.821781412923942,0.0
17.984501478279547,14.840880577077996,1.0
15.484955451468563,18.642573870750855,1.0
7.676599717748044,10.542455644977478,0.0
11.335840591820197,9.43555745289685,0.0
15.392719314789856,15.672957745069107,1.0
10.850033654521638,13.085824346772213,0.0
14.927478169326971,16.346684264875762,1.0
13.483926850184996,10.087954317045543,1.0
14.943531321777586,14.515200465868727,1.0
9.238322850609089,8.08700363048742,0.0
11.670779784983257,13.26238299179209,0.0
16.61231444377934,15.382652649365902,1.0
10.87231279534647,10.585161157414998,0.0
15.493618459508241,15.586554991833891,1.0
18.71377913485299,16.324540858240947,1.0
12.926659074424967,16.6151576611129,1.0
8.36221098349555,10.53223242465578,0.0
8.819335265572718,9.471387198977773,0.0
13.33090426952394,6.502543396958814,0.0
10.076807973983673,11.408416868944345,0.0
10.908058363911621,12.428964351099864,1.0
14.598509641037722,14.454769831785226,1.0
6.336281865431988,11.84604519948855,0.0
6.914024717753654,10.619134384270883,0.0
15.005886308768266,12.912301987031704,1.0
11.772328797224025,12.514819235508146,1.0
11.84814510717916,12.231112784230401,1.0
13.705378243855582,5.5057456696946545,0.0
13.07411521925332,7.035112603045914,0.0
9.538584300771051,13.377205247531235,0.0
8.779414833899253,10.121017294711345,0.0
11.550432010171207,12.11508604188952,1.0
8.691473825686442,7.677708229865088,0.0
13.925779862758448,12.927118537462851,1.0
11.578674443228369,15.645073170947928,1.0
14.926405616665592,14.488895922947036,1.0
13.507542200811852,11.499658462528053,1.0
10.280290708490313,11.002299546836337,0.0
16.218299082742995,15.982137434954161,1.0
17.775365561949528,17.285801726474496,1.0
11.085657313784244,8.630726337351877,0.0
10.781425709797311,7.734108825792648,0.0
16.929539746419692,16.33068120556319,1.0
10.49040162548705,11.67371483294403,1.0
14.026421433074653,15.636029146259576,1.0
14.499046106886944,11.98976294553663,0.0
12.344488983942338,12.503209062156728,1.0
14.08971828152628,15.506709563287842,1.0
14.743191390584979,12.427011346731788,1.0
6.494684332376922,11.784288370958707,0.0
8.912878223925842,11.299204739594973,0.0
8.685753992548676,8.846128841763857,0.0
9.723774576618847,10.652262691818047,0.0
15.1025441918643,8.212351231401014,0.0
4.906055860085776,10.506012252517218,0.0
7.707401974804521,9.35606856414952,0.0
10.75620055326452,12.845727492239526,1.0
16.87535765766315,18.858279990418584,1.0
11.323484686230337,9.972974658981963,0.0
13.799623796911757,15.258073281547212,1.0
9.842710600011268,15.66504459532662,0.0
9.558134341986419,9.056136668920105,0.0
12.940015509822505,12.981656868907756,1.0
8.92283625998965,6.6774594288938065,0.0
13.40014101422022,12.800757982591286,1.0
9.12852574762755,10.977031657262032,0.0
13.558204366314468,13.689592418638217,1.0
14.073477091393153,18.019499781769287,1.0
8.57136249013643,8.439528071675184,0.0
7.124733510937938,7.965898063744654,0.0
16.503462367819644,13.93861354605346,1.0
10.424349854749227,6.1755421038361975,0.0
21.287177268315745,17.708706412854017,1.0
15.786857373124013,15.826142710748726,1.0
15.88363488747821,16.1292361526031,1.0
11.651090672529518,11.679517582797832,0.0
9.887635568787438,12.11802556866851,0.0
12.469757592501537,14.155550925514705,1.0
12.76361691190434,11.662231627127051,1.0
16.078055204769207,17.45268801399763,1.0
11.694308497610493,11.948427167354867,1.0
9.578206762032133,7.406538006439257,0.0
9.348633581470127,8.011412068077298,0.0
15.838979655236887,12.95422427477841,1.0
13.15259426674666,14.042654964372144,1.0
17.407565797601816,17.950762817137928,1.0
8.517258679439792,9.523239675914223,0.0
4.55976780876004,11.558970951485446,0.0
9.032998902463797,9.830623805927337,0.0
11.145348618702545,15.787661332547554,0.0
16.185753442490874,15.59743897868446,1.0
10.711434666920583,12.20605637936582,0.0
18.185695551204386,15.560112195044654,1.0
10.228763771240715,8.028299914501467,0.0
5.991784195820489,10.582552228997594,0.0
14.034909429995786,17.035470844349582,1.0
13.991650719960974,12.001472860656268,1.0
13.649709658353718,10.809489242069784,0.0
10.738633169459142,11.544040065241292,0.0
20.471485785882248,19.612285570664866,1.0
15.77440513385508,16.605404820273524,1.0
13.547295888892812,16.03155620886186,1.0
16.2538355493136,15.136059229674034,1.0
14.245435081723082,13.306459579973838,1.0
13.136790814877676,17.22771712035909,1.0
14.509593333562268,13.710867812048187,1.0
16.19119355720702,15.822867181787167,1.0
16.71924375076043,13.468534865077018,1.0
10.224492850038217,13.934205725626844,0.0
10.60419949608461,12.210845820655695,0.0
9.811893371207416,7.805768042963385,0.0
14.674163053688776,17.78207804077579,1.0
8.6713792290368,10.302230061931397,0.0
12.133024022057713,13.895501746709444,1.0
16.28028188956632,16.577541055346842,1.0
9.144360897286127,12.675003165745803,0.0
17.81086782134178,16.369944865970822,1.0
15.795019933613219,19.88876810128949,1.0
15.973509332832473,17.5928263324749,1.0
10.441420267730175,11.17425595327544,0.0
15.306325270502734,13.214394895545196,1.0
10.17573001537527,10.859113595634636,0.0
9.917254401627016,9.037095758314576,0.0
9.223550518172786,7.143151422884344,0.0
16.422621550478294,17.208832953826732,1.0
9.007084975784585,13.39067379504879,0.0
8.136305371449282,11.264188534593872,0.0
6.270337732578888,10.758121824949322,0.0
14.58156642716777,14.906886747801284,1.0
11.926979631978378,13.482141269880445,1.0
13.323045978903686,13.658671362699941,1.0
7.543082633606334,8.456416406955919,0.0
9.63820711163086,10.34495642659026,0.0
9.995545002636995,8.766837355359883,0.0
13.132612960797378,17.29009970543819,1.0
11.16376478596397,9.339048666638282,0.0
11.819361689063903,8.742895674996355,1.0
11.74723814098586,11.567410564496308,0.0
18.730288780622566,17.594698674382975,1.0
15.095112254704873,14.835133019656123,1.0
14.640474360377622,17.532305477882467,1.0
17.618976984347754,16.206804890676146,1.0
14.058521401910507,14.285364354027264,1.0
12.113836036108278,12.55240196668724,1.0
14.959270257930697,16.891031734540057,1.0
14.554689713583667,8.763152519047644,0.0
8.62507275957121,6.001759879783963,0.0
8.452691295256907,10.26756178455923,0.0
13.44311937930534,15.67912600105552,1.0
10.142911159717238,5.82666808803607,0.0
10.938680170618731,9.991968155677759,0.0
13.773451369970735,14.070233334422218,1.0
13.772895742860392,14.325009260741185,1.0
9.696475491514546,9.645047139093478,0.0
12.53506122180036,14.855951301918411,1.0
11.21496328998355,7.895864166185147,0.0
8.898207892333563,11.345492826840658,0.0
15.028738814587197,13.473899296423216,1.0
17.265456112906595,13.016137414249611,1.0
12.475836078883543,12.908187743742634,1.0
17.119749057080902,14.929901904037845,1.0
11.459022511242424,8.87212906969239,0.0
13.820810856895877,12.1012708852852,1.0
14.915359408302155,8.560701240490403,0.0
11.953422064284274,7.743378554628136,0.0
8.400639148314028,9.401249893167922,0.0
16.256210924039426,17.838324489710796,1.0
11.814816192605317,8.419381614407735,0.0
12.16647439141342,12.753370411296054,1.0
11.425084439921026,12.686594350049326,1.0
12.917105204505297,13.235563186642919,1.0
18.512379936119956,19.258032977806817,1.0
9.599680079985513,10.94164439602222,0.0
8.173414279484469,6.654986538418981,0.0
13.10154199328939,10.28827070355913,0.0
15.78898739110367,18.801011978301904,1.0
14.799666405370896,14.46602898317101,1.0
18.36372615550022,20.220333495456625,1.0
9.992561670134267,6.684540195753428,0.0
12.319383322311424,6.808233184291317,0.0
10.961214202468156,10.921528706908612,1.0
14.515541614932836,10.576800120062929,1.0
18.17672604577265,17.00966247842613,1.0
10.227332799403479,12.48664586073526,0.0
18.631968338237147,17.752660244596914,1.0
9.003638534587498,16.30226381031766,0.0
13.710407597851397,13.516703365963274,0.0
9.555162115959673,11.298370089932915,0.0
13.52030695638221,13.697383784008249,1.0
12.635210408168296,9.447197226105017,0.0
15.988828288875775,16.115047377063654,1.0
9.831259593747395,7.022705526331837,0.0
11.913415822176948,6.6084474190497895,0.0
8.648434251832755,13.341869733837534,0.0
9.386266860741564,7.711623756933141,0.0
14.354809789810796,14.332838807996515,1.0
7.273537061697506,9.948277223721151,0.0
19.494891864079218,20.03346662590397,1.0
10.061803374658435,10.974506774547793,0.0
19.712416449247655,18.094159803575856,1.0
10.763815193585476,6.0776340503377675,0.0
6.529062791904103,14.371548537802436,0.0
13.176393306932212,15.529166409790282,1.0
9.416936235059007,8.367525504360318,0.0
12.663534796784027,13.299723143506995,1.0
13.951645405377924,10.189257106158053,1.0
8.264102056729348,10.240114174573858,0.0
7.632068400649912,8.929178118964781,0.0
11.517033453435522,5.166841390693535,0.0
14.986532719403293,19.117252178231382,1.0
15.460593368980982,13.48368113288593,1.0
13.056380309950317,13.53674399098422,1.0
15.244736472570551,13.862463868277558,1.0
15.508288505078541,14.945184334023963,1.0
14.574872526772053,14.27937125068191,1.0
11.990626413230595,13.252350552460474,1.0
18.659580487259177,16.717997391712206,1.0
8.285393265525322,8.692270364334734,0.0
9.407962648487658,9.517202009900256,1.0
16.08199237898562,14.07207526171207,1.0
15.394806539521747,15.553387013102647,1.0
15.589416602838114,17.477964730195634,1.0
10.51716225793311,8.059915061191159,0.0
6.172502923372572,14.24714680292189,0.0
15.804245447076074,17.2518521438642,1.0
6.026095346004417,13.766744794971151,0.0
11.00252746947147,12.334623207007198,1.0
15.540855951245344,13.45301274530843,1.0
6.060736140515329,9.82409044499497,0.0
7.246331289626914,9.717102636535124,0.0
16.66837131681266,11.837613285207128,1.0
16.313395424005062,16.06324382234144,1.0
16.760476590015283,15.706151364249878,1.0
14.36358879625838,13.102803360898864,1.0
12.091949432997275,14.338448952879222,1.0
16.673224757057113,18.288120749592725,1.0
10.697244087434564,8.537005832364148,0.0
13.762219096643113,15.193006489667765,1.0
14.742779967902395,13.048311209386572,1.0
17.127086644015673,17.392302133636488,1.0
8.737053054063527,9.396925139208475,0.0
14.277034762275933,15.46540588844407,1.0
10.627492331222063,10.482672379279252,0.0
13.421667695792959,14.55997695199034,1.0
8.815475878597654,8.559070643595723,0.0
16.328281833050188,18.67872615808931,1.0
19.92640688216126,19.96937347598214,1.0
12.172208445696697,12.739022511253138,1.0
15.03717757603703,15.590412373642442,1.0
7.477081176891522,7.654176819805228,0.0
18.438373737898637,21.004328599718797,1.0
10.786985742389405,4.027850801420532,0.0
14.724583461073614,15.761489120968147,1.0
13.468365237135012,13.99402575352954,1.0
11.62902482527184,15.44583347038315,1.0
6.580731783096459,10.399557082638722,0.0
10.06220374849178,11.154978863834636,0.0
11.9428760007274,11.226874401861675,0.0
14.600483259144939,14.782447966643613,1.0
10.627804702002722,10.233510437140747,0.0
11.380327593205378,11.37108348563155,0.0
15.208155106625703,16.584446584919334,1.0
13.677320823864914,15.700843635028725,1.0
13.524897319169261,14.221137331133969,1.0
16.357843524416808,16.944223215975573,1.0
10.209424659206086,9.59874756387329,0.0
11.271645469574217,13.276137491052664,1.0
14.203386431626138,14.555224210398094,1.0
5.928137254361766,6.0883151552238175,0.0
10.449902851242216,12.965653574935471,0.0
7.737069330991721,8.871203588287852,0.0
14.359693729854879,17.435520756341543,1.0
9.326241677146399,11.856394331909227,0.0
6.823413526763105,7.25501398017164,0.0
6.049491136398435,12.834941629474477,0.0
16.471772140057567,12.59008027659323,1.0
11.23112140583651,9.015312411289958,0.0
7.631845718052519,9.058842657018694,0.0
14.694611197004118,17.067658925994472,1.0
8.694860533664233,9.323900957412881,0.0
16.467920406580642,15.318129083247294,1.0
8.429356885032522,12.369708285912331,0.0
13.742555322274287,7.180033479630302,0.0
12.890419243316549,9.23256294892474,0.0
15.580776685891374,18.027999759901533,1.0
12.85626076604839,11.220997990941159,1.0
9.87330833064928,8.646632315904188,0.0
11.396310129922497,12.460679643419525,0.0
12.849300515984432,15.888494211516822,1.0
10.810025273560395,9.490960462314693,0.0
14.555742773438258,14.320708679184266,1.0
14.02619396394084,13.080877332554381,1.0
9.706947444413897,10.77978566905221,0.0
13.840056237408588,10.711499841134328,1.0
5.3913753614824165,10.59111521699483,0.0
10.361160971599087,12.586589531247032,0.0
8.137568977976702,13.050794325482519,0.0
10.820531461470905,10.542188592856858,0.0
8.965779559800872,10.623577856153728,0.0
12.037962946765528,6.090661947647982,0.0
13.892282742495707,12.075007925125293,1.0
10.7791833274915,8.190371862513416,0.0
9.957014813231382,7.818968993092774,0.0
17.45183993388516,14.04293750613827,1.0
7.5358310358104035,12.117345938903082,0.0
12.858114900849007,14.191362324204341,1.0
5.300222428724449,11.576233000634096,0.0
13.768218426837656,15.357138767605813,1.0
6.002596168329062,14.90331845490828,0.0
15.188744325148797,13.938658583411321,1.0
14.69469068875487,16.744512726015035,1.0
10.466880837601567,8.313863026011571,0.0
10.396933663180238,8.14013093412206,0.0
13.088315312402154,11.418415426457303,0.0
5.634796019037499,12.769617534128653,0.0
11.12784426191533,9.983246733388679,0.0
9.709944936551704,10.504269268521316,0.0
6.673673414270228,10.751332976729243,0.0
11.989367462091053,10.585649772566281,0.0
12.989497765534136,10.91579849913069,0.0
13.382225147913339,13.110357058039957,1.0
9.939061225797161,11.335238062933765,1.0
10.988560211371786,10.488981867196973,0.0
9.226703462459806,10.978428935057133,0.0
10.723201967274068,13.075156937926582,0.0
8.96455614979949,9.652200518061704,0.0
15.978512817553836,17.33958221852799,1.0
11.870001016277996,12.984604130060836,0.0
5.633181332387041,11.360707672231278,0.0
13.848445045653806,10.932437576742444,1.0
16.89713141233387,16.68783860026527,1.0
15.962858845245902,15.678371116611189,1.0
13.001232589357004,16.76293211015408,1.0
13.334428923813352,13.692672791495067,1.0
12.819576689968645,10.322475826302961,0.0
10.947811662548677,8.545425758107145,0.0
10.672698982838421,10.614477571629221,0.0
9.566548483024874,11.280861964640447,0.0
9.588095308180389,12.185158856443541,0.0
10.120616083747539,10.823524171067143,0.0
18.723911959815943,19.331478418278177,1.0
13.680633929584378,16.250013877796153,1.0
11.12633773347796,9.535609495950148,0.0
15.105670014410224,15.684058936377735,1.0
9.764654028236583,7.778295396563738,0.0
11.643192712895026,8.070696307440638,0.0
12.255087726643872,12.040523225155319,1.0
7.16927302358269,12.490288765713672,0.0
11.439745627276533,14.357458479746207,1.0
17.642752633431403,15.447765801668162,1.0
16.431925230032395,13.896199728817896,1.0
10.4029256628367,11.22524280935782,1.0
16.398018241932007,12.908485938476334,1.0
11.297917243238912,5.7776557209025015,0.0
15.149926325080859,13.67002328645125,1.0
11.291855233745046,6.58009853717963,0.0
11.763321892403274,6.627065376755242,0.0
9.375083010828243,9.442091372205628,0.0
6.72539105862861,14.399185516928346,0.0
12.345270957271604,14.270965258926045,0.0
7.5639568222160065,10.811110156741968,0.0
13.763116001134733,11.958503261159484,1.0
17.31005802754311,14.020674807414206,1.0
7.361328928351568,10.2895916630431,0.0
10.438890505414403,6.117102898882424,0.0
17.27150325432061,14.630654018874512,1.0
16.142876625339756,12.796687892639088,1.0
12.85729008567246,14.17342511986467,1.0
13.407397287415296,15.490418644856414,1.0
11.668676916445536,15.026464810226702,1.0
7.802384091619321,9.357900977601597,0.0
10.523213873814246,8.62968379847247,0.0
10.582765859475765,10.61794893891069,0.0
20.618230510560203,18.83674786311786,1.0
9.032783254883364,12.746769860552149,0.0
17.745547850462636,15.635953758979975,1.0
13.982542582223873,15.479641973174939,1.0
12.505508964916986,7.596577825944708,0.0
13.88706620782767,16.3807471375192,1.0
11.807959675282001,13.086454915138862,0.0
8.414225840006365,8.487135257002627,0.0
8.723404941378039,11.795448688044047,0.0
10.3864892098225,9.318156649351977,0.0
15.765666584337001,14.098196911111598,1.0
11.15718828870132,10.17690182084021,0.0
5.495756132074195,12.852151589209672,0.0
17.20827306535093,15.446093673010832,1.0
10.014628932712728,9.256128991155359,0.0
8.083633071535546,9.243745168732726,0.0
10.72651548698698,4.772539867579308,0.0
16.99512192468723,16.402033462295513,1.0
17.093386821969574,14.946061117854804,1.0
14.882720317239011,14.711270709863117,1.0
16.162066673253662,7.706331734615258,0.0
11.76429037257791,8.9638487786495,0.0
14.30629207937528,13.876584580901252,1.0
10.619755026264338,8.491912680093915,0.0
15.415880115503853,14.450591660578873,1.0
12.493602921885135,12.814849126599505,1.0
6.960356932352138,12.248311531255117,0.0
9.458479436044215,8.729862861618146,0.0
5.270144370104218,7.985867280507282,0.0
12.193806779080703,8.198452330257117,0.0
13.992128493416597,15.18634890191779,1.0
7.538279119179833,6.222806723522147,0.0
6.776286220160658,10.277254178846627,0.0
11.62722558640949,15.351624562638001,1.0
17.840066418041808,14.801338201084766,1.0
7.607066077445969,9.401988997757387,0.0
11.488949059160106,16.010375775676852,1.0
15.149743127896942,14.88691440778633,1.0
7.435773109263359,13.041619673379133,0.0
10.221337726431226,8.67475419502797,0.0
9.314407780465237,7.631551629694796,0.0
17.458109960563657,13.522668809509444,1.0
10.834253129121926,6.042438617470822,0.0
16.317713442663457,15.34143809987704,1.0
13.635241093425453,8.646706632030305,0.0
14.633661038715719,15.152987870347298,1.0
11.806593208640361,9.674248953412699,0.0
9.45552222895263,8.588354106488058,0.0
12.947840441399364,10.702246819420273,0.0
8.285061892136472,6.7348302404022125,0.0
5.349371158672099,11.463215050144663,0.0
16.59723345904593,17.201082563996287,1.0
11.174885558022229,11.968115103676734,0.0
16.198888114923733,15.315388522745387,1.0
15.316438364293472,15.79758447719768,1.0
11.107773478321242,11.751014675316787,0.0
10.258843310465522,13.11169797849198,1.0
7.01370063869243,10.690088144713055,0.0
13.560570011974022,12.236634789140785,1.0
15.678427314010097,14.278251263268869,1.0
17.46717243934988,15.973653191159771,1.0
16.846639903178758,16.46190188697902,1.0
10.526590714111045,12.752852312548438,0.0
10.768377737279298,9.370083148607842,0.0
9.773447075909107,11.073002654885048,1.0
14.66805568108464,15.827750960779833,1.0
13.250139611542185,12.896246929396977,1.0
14.456529506457253,18.966103685154383,1.0
6.011380346705888,8.923724747517152,0.0
16.12534813057276,13.073342747032775,1.0
13.942950848335414,12.636603510683987,1.0
16.258053796946676,16.99913686580693,1.0
12.865915143840208,9.232129528191471,0.0
10.90794855776884,10.666776152553455,0.0
8.813318846351,10.891763378533767,0.0
14.703940537708503,15.628159008111236,1.0
13.163087543779037,12.90346781030357,1.0
15.076565708962347,14.330250957872119,1.0
17.37861937556167,15.330886512696827,1.0
10.307474573452675,10.605065211793157,0.0
10.829522424881512,13.640762437161317,0.0
14.66776927845152,15.620055996709935,1.0
12.898613358023912,8.397534446338398,0.0
15.468220428562656,17.37671792800758,1.0
10.197373109930812,10.983173583054928,1.0
15.278703135494629,11.961454435867337,1.0
9.137011000307707,9.405229221189897,0.0
12.393288892257456,13.848434062979548,1.0
8.626992907545507,7.177064611487484,0.0
9.676906649491066,5.514471604238676,0.0
14.441677973403651,7.957616220897327,0.0
11.833474917509442,11.452534380177903,0.0
11.418335724203684,13.052736502600611,1.0
9.122040006764053,8.081670049964886,0.0
13.952919088418966,10.033863344001013,1.0
12.82608185502996,11.665912173108286,0.0
16.634950163019475,17.991902484899768,1.0
16.074429888756836,4.91896599974468,0.0
13.059452529553184,12.039868043349223,0.0
17.392316938125777,16.868705517844983,1.0
11.798624236520332,7.100161001061423,0.0
12.615461160197468,9.68159635336978,0.0
5.691258598979721,7.671064853887808,0.0
14.993874239195176,16.851816098401677,1.0
17.49273885090054,16.59099099340173,1.0
13.232899323544522,8.448885930542422,0.0
9.208690084084916,7.581925598867242,0.0
15.887688005844769,16.260559562789762,1.0
9.296325000656967,10.313639779719493,0.0
11.300431961007176,6.698483517589766,0.0
15.101658755133021,13.678820212878149,1.0
14.059490991850653,15.437280832639276,1.0
15.018054923454411,8.31251268945253,0.0
10.801625679624035,12.247078708008651,1.0
15.828344294834908,14.203932888457555,1.0
16.092317914072876,16.562181416167636,1.0
10.803504302927013,10.280701626458562,0.0
14.720295712072808,15.234696867905907,1.0
13.780394933720236,10.311881272799877,0.0
18.15743672585207,17.765962580719638,1.0
15.601717544056026,15.83037464121671,1.0
15.554296450829023,12.764960883177174,1.0
9.053978022676876,10.570074723842273,0.0
9.14077021205521,7.682915198196078,0.0
6.250636555446047,11.509659946794901,0.0
15.466599022224425,13.517798767567779,1.0
13.67394583996215,14.91426028272275,1.0
13.5090582711248,10.424070873123561,0.0
13.01910708396844,7.945822067545068,0.0
10.568605521254185,8.577739765279576,0.0
15.104109758164489,15.492449842287623,1.0
17.43878597639104,16.849051428775894,1.0
9.10448591383431,8.338795346071397,0.0
9.11964329985346,5.40443425694768,0.0
7.070716380968266,11.141622638186618,0.0
15.765549244958033,12.62327772957801,1.0
6.782801461287196,4.412845423164764,0.0
12.905736502361766,8.113716878834436,0.0
8.650878628681724,10.068097908663624,0.0
7.823244458721705,10.770135939229592,0.0
4.306348787913805,7.937940918314386,0.0
7.029149081820208,9.817050672641802,0.0
10.018680747800769,14.502796233213699,0.0
12.776466357450117,13.031400555921795,1.0
9.746552473568013,11.286262335715175,1.0
7.944378706966882,8.87888603722461,0.0
11.711830507582036,6.836382501083531,0.0
10.848589669697722,9.452548532074562,0.0
7.781157675744037,11.612683100756552,0.0
14.390871907308771,13.901098308111738,1.0
20.147134871121658,20.093446295002153,1.0
17.133178508278352,20.640604470814335,1.0
17.581891360341697,19.619893699601604,1.0
11.042289856326015,14.198614069512768,0.0
11.199998885994232,11.778131132658917,0.0
17.162111915863143,14.68373023204495,1.0
5.36235499111807,11.555770168379059,0.0
12.454310717046383,7.006392932695724,0.0
7.4406763245490115,10.86412994868455,0.0
14.567404559388056,10.290291209001973,0.0
19.092751489133573,16.925467990172685,1.0
12.490266633683223,12.215948788916322,0.0
15.919254915786988,17.769895784264456,1.0
7.613441327610579,12.89680300513418,0.0
17.79395879031253,12.600268065602362,1.0
14.25967004255817,15.26878835772884,1.0
16.461927912606797,18.874904039276164,1.0
11.616611259747945,12.262987480644933,1.0
12.112273591590867,12.265694007753789,1.0
10.33333887494188,5.0541568424967815,0.0
14.809674743259228,12.8420990882247,1.0
13.061024743274572,11.644993242348503,0.0
13.627343195302624,13.54924314489361,1.0
16.644255893106287,15.825496611982206,1.0
10.800099857909938,14.635503457797494,1.0
17.18981112532768,15.178223475086133,1.0
10.533164331894346,11.97135494578876,0.0
10.399567394261764,8.377219924623567,0.0
14.84059127913221,13.655311513122276,1.0
14.759510212662141,17.28280210459679,1.0
7.433540365206758,10.807380634456825,1.0
13.626555889077203,16.818224934705302,1.0
10.953458733832584,10.635577713077247,0.0
16.881534885354622,16.36426965776755,1.0
11.080531667840294,12.644064303191513,0.0
11.80175641473745,12.844641974802268,1.0
13.683018519033432,7.680900194073643,0.0
13.974631099564387,16.192168545778824,1.0
13.243468326443228,13.339899033819338,1.0
10.244835240233034,12.317846890592463,0.0
14.565184682748054,16.44828693585972,1.0
16.944059369231976,15.46444324363743,1.0
10.977371523142597,10.047951163634114,0.0
14.155671884814447,13.716405746685895,1.0
8.345074588215112,7.897863216889673,0.0
9.483357109407113,10.79712286148875,0.0
11.74836717925956,12.80154535151177,1.0
15.708423608055956,15.24448095224203,1.0
18.351548736385187,18.07738751154093,1.0
16.22356075357179,15.42156490219934,1.0
11.178399387107579,7.7136075235312624,0.0
15.232741236264895,17.000530297197063,1.0
13.766837092996017,17.68411958085266,1.0
12.901980706440689,12.010883370302771,1.0
8.305377768760948,11.166905180361345,0.0
18.363109879792926,18.51785062739173,1.0
10.521099736781252,9.441388995245108,0.0
15.197649263911387,13.007199632394034,1.0
10.768401279518883,7.630656220969019,0.0
12.89997501438203,15.39305095009951,1.0
13.865835352082742,5.982962584865251,0.0
12.180060508368001,10.725735616753106,0.0
9.844660415275346,10.319059952774992,0.0
15.374350209950213,16.848065371948685,1.0
14.606060464765312,14.63999974298654,1.0
11.764880199385956,13.609756532165854,1.0
12.645737944829987,6.053391381453082,0.0
13.39573469937799,14.707544035210635,1.0
14.079393223623917,12.432788750527171,1.0
13.633903798355412,14.393224814333353,1.0
10.004728522995126,11.241807186377505,0.0
8.35053770719417,10.444579818996603,0.0
13.438073894837602,13.590001853414341,1.0
10.614129988118052,13.249425139729919,0.0
10.919064428112419,12.066936652147714,0.0
17.34912136635083,18.903068552559077,1.0
7.3535214180379285,12.4653192921709,0.0
15.705903750885808,15.02740144429852,1.0
12.531487338795221,8.366109748614695,0.0
14.610826304662956,14.519622513733458,1.0
11.013816292885588,7.399600890732018,0.0
11.5003314277795,13.242002807076695,1.0
11.836084710351063,14.576484362589015,1.0
12.111208731321486,9.577630337324969,1.0
9.193576855459478,9.681704635070798,0.0
15.815736975460085,13.86989150270908,1.0
6.5234299327767795,7.385867489997172,0.0
12.056525335802844,10.036309699217817,0.0
8.999821579511739,12.428592527600838,0.0
14.420916754550776,14.567948503073797,1.0
15.26028834258935,15.009822996401317,1.0
7.908567517328509,9.120090872889275,0.0
17.859350173155608,16.873256067007134,1.0
9.292449374929777,9.2185142668071,0.0
9.653217105787427,7.1090457142517165,0.0
14.611253916233544,16.021355699569945,1.0
8.024852002510928,12.157167282343092,0.0
9.68059410671612,11.256577361531598,0.0
13.236506666329486,12.50214768652942,1.0
10.54233445218721,10.046277273775104,0.0
10.276652687455654,7.254693955745929,0.0
12.074553796442526,7.7951316097109435,0.0
13.429972609866331,18.303388669327756,1.0
11.0771533718599,12.782502417290633,0.0
11.837026352018711,9.296215642203116,0.0
12.62474387637207,10.385937099206906,1.0
12.851614915038178,13.29429570556538,1.0
8.66420277590227,10.946395792785063,0.0
15.038169522436203,15.195440908882754,1.0
14.734545108153167,14.657672247064237,1.0
14.88315683453109,15.422344190171385,1.0
13.143451564920447,14.940473271483325,1.0
16.45669559644384,20.36773813328552,1.0
10.713535444728544,7.993479737027473,0.0
16.204727206338564,16.795563660555633,1.0
19.92386767548926,18.06789902471939,1.0
13.680984830196728,15.196460276964148,1.0
6.773220915457027,10.904031140460182,0.0
15.811042941510777,17.958133320414227,1.0
7.806187048392352,6.166091749476863,0.0
17.048057333457987,16.32736808861022,1.0
11.421906812080731,12.03181667857578,0.0
14.566476125815761,15.150658717466499,1.0
7.285111300233204,11.712806775384783,0.0
10.175582179754095,9.586650147680889,0.0
14.415654390596309,15.256396485743705,1.0
14.715962250792511,15.302368791247911,1.0
16.284022161013294,15.02248132661007,1.0
9.588808560347093,7.465213140924011,0.0
16.617791135561003,15.401184730397423,1.0
17.197036158335276,14.787649138338447,1.0
17.472257406984642,12.229840886432296,1.0
11.803980385849817,13.788686246425833,1.0
16.45935985416394,14.878991458816445,1.0
12.901070750578437,12.326940054066576,1.0
8.598107280268785,9.46674367949067,0.0
11.18632390322313,13.33302335915585,0.0
13.919012401356598,16.05179606368102,1.0
14.654522619035829,12.598744437717524,1.0
15.584579783027511,14.855030831350614,1.0
17.13014587421359,12.769851981778006,1.0
15.705268576420822,12.77040988656583,1.0
14.51338230575416,14.811147584673806,1.0
10.403493551850747,12.64598533955045,1.0
10.66049837105945,9.804544084494976,0.0
15.438395945848203,16.38889078642003,1.0
12.73659444905621,13.052888872168996,0.0
10.488576226351785,5.031509400943596,0.0
8.891161482601087,9.919868978015325,0.0
14.175939781259043,16.389588268448467,1.0
6.570356688776958,9.843775096033761,0.0
10.578156740361688,14.824075980552179,1.0
14.7030285289078,14.444102148450245,1.0
12.892589512386813,14.544670227933327,1.0
11.45423600983807,12.087509035163247,0.0
10.946208945286163,13.79446980521209,0.0
9.137754119176023,14.29754008624092,0.0
17.506210995881155,16.16533089699181,1.0
10.48764315731102,13.372137135657901,1.0
19.587086306809756,19.063942846412566,1.0
16.240742276457496,13.428608686162395,1.0
13.869353079602732,13.45698041504718,1.0
17.412924866023246,13.542593184137726,1.0
10.111269257688829,12.199001514990991,0.0
14.492176537688247,15.214636934899003,1.0
8.740727539062922,10.027164399840014,0.0
12.7513681874476,15.600075818569628,1.0
16.30676723601994,17.87993157311864,1.0
15.846010608230724,14.512860422053832,1.0
17.049765478220188,19.357257149633654,1.0
7.910717996918836,10.600477931298572,0.0
10.847716509666308,1.676354093269044,0.0
10.984379895418664,12.348620736466838,0.0
13.832223815228359,13.229995862104575,1.0
14.092616922779632,12.418707278262156,1.0
8.03935594900197,12.789131339834242,0.0
15.77234340411518,14.683974122531394,1.0
10.818529977384895,12.323367237558386,0.0
18.701537862888415,19.444483295972564,1.0
10.134420059854653,6.772933167368741,0.0
8.835928324377466,12.02706355546508,1.0
13.148113750789104,8.602694546042425,0.0
9.65197147674921,16.282199621019465,0.0
12.716768275679348,11.114973941864429,1.0
14.137493568098174,11.998985642262042,1.0
14.261533993238658,13.803404581094965,1.0
11.511455651449323,15.064173296884283,1.0
9.367547338274957,7.576352272398184,0.0
14.685980901685447,19.189721786043005,1.0
8.550661758204125,10.71763264181804,0.0
9.136904587573676,4.436204520830959,0.0
10.25287057235949,12.853343592248493,0.0
6.976243681752145,7.991510168689089,0.0
9.561263499784399,10.533900516409087,0.0
9.93024113283587,12.886471993238736,0.0
20.003928612714883,16.201470859168328,1.0
7.089874857017856,10.15727667210515,0.0
16.043830556847816,17.187226932400513,1.0
13.077517600136456,13.362080212835892,0.0
16.93097098631778,13.773337979839141,1.0
10.54865344378513,9.246380147972381,0.0
9.173925300546559,8.912804632154032,0.0
13.95990267816195,8.395710191713691,0.0
9.815455964892724,10.021651308156569,0.0
11.521271270455289,13.429687963130348,0.0
15.758954866636888,16.712342298117466,1.0
17.734214377171114,13.964473897735543,1.0
16.877043037533543,17.42566184951144,1.0
10.691255036441696,9.824345805707708,0.0
9.925791018503915,6.881178216321657,0.0
10.795522088682755,5.629074530976541,0.0
10.686586790123837,10.294711383779381,0.0
9.700762660504068,8.869498086139,0.0
8.958137006544193,9.878952967796073,0.0
15.33688161723031,16.458049200815942,1.0
11.31577630399649,9.942452311973929,0.0
12.560630269000368,8.280898662784354,0.0
13.561993713481963,9.976150584607854,0.0
11.852604634800299,13.25086552969822,0.0
13.09135371933571,13.11438339707079,1.0
14.897243486529177,12.76893527797051,0.0
19.296304879267037,15.36310237010926,1.0
8.920147400214326,7.903110857973758,0.0
10.751971482371612,9.305466395261774,0.0
15.797603428048461,16.285563058217402,1.0
13.881342785944925,15.37546817086847,1.0
14.794142580947867,18.841759722472357,1.0
10.701068707789243,13.764523653420126,0.0
8.759741756901896,9.621829915218205,0.0
9.995476770867466,5.907136895566382,0.0
11.822165430869532,13.012887115696392,0.0
13.383156557935862,13.928612796398127,1.0
11.338614679070524,8.41944161002363,0.0
11.225460231581975,9.25918576197605,0.0
11.124450948592473,11.927336660514294,0.0
14.817512862811672,16.573319847898926,1.0
5.350330277441652,7.304879528328344,0.0
17.320791554210896,18.017933325763785,1.0
9.041091701762836,9.77047958848103,0.0
8.94348088490884,14.571381533177401,0.0
16.600453451277822,14.095408350375479,1.0
18.895120561422758,19.17603874658505,1.0
8.273483129238056,8.982137747457449,0.0
11.241990202520364,8.52826263196121,0.0
10.38030186011202,11.397230843041248,0.0
11.969335517618031,13.65292441323736,1.0
10.189172866726981,13.945770148663952,1.0
15.899003065706674,17.148105585881826,1.0
9.091916153687443,12.582088384350612,0.0
11.34814285890087,6.2628109020768115,0.0
12.71232587161057,10.267253326700912,0.0
14.135548917384998,12.456544523175339,1.0
11.47594816067845,4.038982523644277,0.0
15.810364934890451,17.47320560547799,1.0
14.199292448176614,13.772226048116618,1.0
15.954814477675505,14.691621668363833,1.0
9.79054450738108,6.5901268771886485,0.0
16.95064310922868,17.48953945534677,1.0
4.214053752479155,8.639753292266237,0.0
9.922151776390484,9.374430463187187,0.0
13.982036719807283,10.350928001997,0.0
14.31395063036873,16.652450679845703,1.0
15.509983597280902,12.916520198433297,1.0
8.476458755447029,9.381184493566142,0.0
13.484839505796325,11.5348103906078,0.0
9.836904565861605,12.722721726492457,0.0
15.933469920723974,15.185770997809936,1.0
8.423861510821439,7.400652726643207,0.0
12.335552991198462,14.542218886312499,1.0
6.795287516903468,12.135085809339758,0.0
14.480545067473157,8.30771745387196,0.0
14.22238405704652,15.286763949294368,1.0
13.209074745890524,9.677954436517362,0.0
11.453883962901205,16.597289640981682,1.0
14.926315766794724,14.389906205246318,1.0
12.534485129280295,12.817794891315057,1.0
7.012919785556253,9.882671989669229,0.0
15.949058060730412,11.065931148805422,1.0
8.429597150302355,10.850838522875291,0.0
15.137437208578678,18.230871768747562,1.0
10.67104355000904,4.816901196326436,0.0
10.014569119389531,7.933242892982603,0.0
17.663172808478663,14.409022878362526,1.0
19.22575728980364,13.463914492575377,1.0
12.146584757237722,13.272218666353144,1.0
15.840668280143229,15.469553994063396,1.0
13.957567304468036,12.976544903626554,0.0
9.937258914724659,10.9114062686398,0.0
11.752080657129,6.6623623216387635,0.0
17.580392539170006,19.04942398988005,1.0
15.44132633806288,14.478759532583686,1.0
11.04629373777425,8.957696106579718,0.0
5.841828897562212,8.62858169260505,0.0
11.219782851853148,11.208156452159693,0.0
10.186494632354178,6.791458887178094,0.0
4.354260774786237,8.382601139826686,0.0
9.636502376812555,10.803702777220813,0.0
16.077635394823176,14.37420007474933,1.0
13.49085453550385,10.639981217789453,1.0
11.511400372832105,8.055074010444901,0.0
18.441312295172484,19.270970971315283,1.0
13.370740090325384,6.420431127311245,0.0
9.308632121678219,9.722291141451315,0.0
11.503350678344642,14.570142083638101,1.0
6.0277840563302405,11.404956580763946,0.0
11.32396022640262,10.48914037039468,0.0
12.34309251377486,13.99344536022692,1.0
16.767775873199998,15.814187237645621,1.0
6.4855459076778335,12.476392634142375,0.0
10.881265223607944,11.631955060964025,1.0
10.932651445419292,10.14758942159133,0.0
15.748168420752542,18.47197168947181,1.0
13.22409211289125,12.744402669231834,1.0
9.522184401438958,9.839555037247543,0.0
15.316817638391163,12.616133638884886,1.0
13.90059620879902,14.775918837786204,1.0
6.893594198734764,13.12927631921925,0.0
8.0984680093119,12.78387859018246,0.0
8.563994235628817,10.936089801802108,0.0
7.804679086277746,13.322526337190457,0.0
14.359944391755054,16.69419596920757,1.0
13.759498434684906,12.834120124782007,0.0
6.074309216871573,10.682447998610188,0.0
13.585937239136056,14.943643877474925,1.0
7.125801353580133,9.04337668640881,0.0
14.607453814520415,15.150651379758076,1.0
15.561721348735874,16.665540017632818,1.0
15.558545901852247,15.988492460284121,1.0
15.134765409152791,13.846371810331439,1.0
18.20575412469586,16.988070629635796,1.0
16.62103194332844,16.997385482207285,1.0
14.592949066670384,15.6844064240894,1.0
12.33618914168963,10.957760251239234,0.0
10.138643888900145,12.379633766572958,1.0
18.21679848139043,17.740859063529065,1.0
15.19473683296548,13.350901634132708,1.0
19.78070812750815,19.213219477780235,1.0
11.914137619347944,10.005084053085966,1.0
10.271699883400526,10.957410904961002,0.0
8.576255775227104,6.131809729343053,0.0
17.380788404656755,13.5967220660115,1.0
15.035938206357608,15.50449110881456,1.0
18.488298225165227,17.21853323206024,1.0
13.447437777820442,13.935579856744955,1.0
13.941807601126117,15.667586345434867,1.0
9.41875617941055,10.094353290565198,0.0
5.427564228101317,11.414895545922814,0.0
14.239318181808297,14.082858140958443,1.0
10.798376446790796,11.43140313176768,1.0
19.56109469023083,15.125039888854326,1.0
12.343979837826998,13.53950530006135,1.0
11.661135519792365,15.865895216742826,1.0
11.503410426042175,8.387794797476078,0.0
11.741607755034776,8.553942021836676,0.0
8.397519036246448,11.584412700852008,0.0
11.791898826147651,10.309170513468466,0.0
9.949812566733284,9.309476080226702,0.0
6.403543836111735,8.16459619448952,0.0
18.327462363450742,15.863108230858536,1.0
16.716150115483536,17.08119809036555,1.0
10.084616522949789,11.02119769476856,0.0
9.306245253958961,11.018675010175247,0.0
13.27209848738336,11.594781774041305,1.0
12.658412192124512,17.53219382782489,1.0
12.158874185807013,7.598921112296881,0.0
12.409095873937481,14.396224288614784,1.0
10.514996119486293,2.811054970919404,0.0
12.436696341302532,8.268636139315312,0.0
14.983362174688718,16.45692209326561,1.0
17.413449837867276,17.90795749092113,1.0
13.091610068921007,15.862869325486315,1.0
6.343772752675671,8.78495442571361,0.0
4.710863962259393,6.024169558107839,0.0
16.320558904889758,14.310618858298511,1.0
12.630814546928859,10.772685339708296,0.0
14.157474919549479,13.263467015458515,1.0
10.871921418046394,10.3504509346244,0.0
13.067233723196853,11.973186091488122,1.0
9.789451241153866,9.39866335418931,0.0
12.032207240344553,14.039749433561349,1.0
16.35460013370465,10.972951190203117,0.0
10.230613345811022,7.9397012716719,0.0
10.173850113630827,10.19731090109353,0.0
10.950717644406247,10.702986064295661,0.0
13.38191438388684,7.55529917109392,0.0
17.044205163697725,13.040274493634966,1.0
